Uid,Organization uid,Business unit uid,FirstName,LastName,Username,Email,Birthday
1,1,1000,Todd,Greene,AlanStevens,AlanStevens@pbs.org,1974-09-17
2,1,1000,Alan,Stevens,AngelaWebb,AngelaWebb@zimbio.com,1980-01-12
3,1,1000,Angela,Webb,JasonElliott,JasonElliott@pbs.org,1980-06-21
4,1,1000,Jason,Elliott,MartinThompson,MartinThompson@zimbio.com,1980-06-21
5,1,1000,Martin,Thompson,MarkScott,MarkScott@pbs.org,1980-02-25
6,1,1000,Mark,Scott,AnthonyRamirez,AnthonyRamirez@zimbio.com,1973-01-06
7,1,1000,Anthony,Ramirez,ChrisRamos,ChrisRamos@redcross.org,1978-02-24
8,1,1000,Chris,Ramos,BrendaRay,BrendaRay@redcross.org,1975-09-28
9,1,1000,Brenda,Ray,RubyMitchell,RubyMitchell@redcross.org,1979-10-26
10,1,1000,Ruby,Mitchell,BettyWilliamson,BettyWilliamson@redcross.org,1977-01-02
11,1,1000,Betty,Williamson,WilliamMartin,WilliamMartin@pbs.org,1986-01-13
12,1,1000,William,Martin,DeniseMatthews,DeniseMatthews@gravatar.com,1972-04-27
13,1,1000,Denise,Matthews,BettyRobinson,BettyRobinson@pbs.org,1989-11-22
14,1,1000,Betty,Robinson,RussellMurphy,RussellMurphy@gravatar.com,1987-08-15
15,1,1000,Russell,Murphy,CarlosPerez,CarlosPerez@pbs.org,1973-07-20
16,1,1000,Carlos,Perez,EvelynGreen,EvelynGreen@gravatar.com,1984-11-24
17,1,1000,Evelyn,Green,FredWalker,FredWalker@gravatar.com,1979-05-16
18,1,1000,Fred,Walker,JoycePalmer,JoycePalmer@mail.ru,1976-11-03
19,1,1000,Joyce,Palmer,AnneAnderson,AnneAnderson@mail.ru,1984-01-04
20,1,1000,Anne,Anderson,KatherineWeaver,KatherineWeaver@mail.ru,1974-03-16
21,1,1000,Katherine,Weaver,JeremyDavis,JeremyDavis@ask.com,1979-08-04
22,1,1000,Jeremy,Davis,JesseLopez,JesseLopez@ask.com,1973-01-06
23,1,1000,Jesse,Lopez,EugeneWashington,EugeneWashington@vimeo.com,1984-04-05
24,1,1000,Eugene,Washington,JudithHughes,JudithHughes@ask.com,1974-10-25
25,1,1000,Judith,Hughes,HeatherTucker,HeatherTucker@vimeo.com,1972-01-04
26,1,1000,Heather,Tucker,ElizabethHarvey,ElizabethHarvey@vimeo.com,1987-01-29
27,1,1000,Elizabeth,Harvey,NancyThompson,NancyThompson@vimeo.com,1975-12-14
28,1,1000,Nancy,Thompson,LouiseFranklin,LouiseFranklin@time.com,1985-05-15
29,1,1000,Louise,Franklin,HarryFreeman,HarryFreeman@time.com,1989-08-15
30,1,1000,Harry,Freeman,AngelaRice,AngelaRice@zimbio.com,1979-04-23
31,1,1000,Angela,Rice,PhillipArnold,PhillipArnold@time.com,1982-11-29
32,1,1000,Phillip,Arnold,VirginiaArnold,VirginiaArnold@mlb.com,1974-05-31
33,1,1000,Virginia,Arnold,JacquelineBurns,JacquelineBurns@mlb.com,1983-08-18
34,1,1000,Jacqueline,Burns,JaneKing,JaneKing@mlb.com,1988-12-09
35,1,1000,Jane,King,RonaldDean,RonaldDean@gmail.com,1975-08-25
36,1,1000,Ronald,Dean,BruceMitchell,BruceMitchell@gmail.com,1985-05-28
37,1,1000,Bruce,Mitchell,WillieKelly,WillieKelly@gmail.com,1982-06-26
38,1,1000,Willie,Kelly,LoisHolmes,LoisHolmes@gmail.com,1982-12-28
39,1,1000,Lois,Holmes,JessicaWeaver,JessicaWeaver@gmail.com,1970-10-03
40,1,1000,Jessica,Weaver,HelenMcdonald,HelenMcdonald@zimbio.com,1983-07-24
41,1,1000,Helen,Mcdonald,JosephStanley,JosephStanley@gmail.com,1973-05-23
42,1,1000,Joseph,Stanley,GeorgeCruz,GeorgeCruz@gmail.com,1978-05-11
43,1,1000,George,Cruz,MichelleGreene,MichelleGreene@gmail.com,1990-02-07
44,1,1000,Michelle,Greene,BeverlyGraham,BeverlyGraham@gmail.com,1971-05-18
45,1,1000,Beverly,Graham,DonaldCole,DonaldCole@gmail.com,1987-05-25
46,1,1000,Donald,Cole,KimberlyMurray,KimberlyMurray@gmail.com,1988-01-16
47,1,1000,Kimberly,Murray,DanielRamirez,DanielRamirez@gmail.com,1980-04-10
48,1,1000,Daniel,Ramirez,KathleenStewart,KathleenStewart@gmail.com,1979-01-06
49,1,1000,Kathleen,Stewart,EdwardPeters,EdwardPeters@last.fm,1988-09-21
50,1,1000,Edward,Peters,NancyJackson,NancyJackson@last.fm,1983-12-21
51,2,1001,Frances,Dean,FrancesDean,FrancesDean@gmail.com,1983-07-26
52,2,1001,Sarah,Hunter,SarahHunter,SarahHunter@hm.com,1970-06-04
53,2,1001,Clarence,Robinson,ClarenceRobinson,ClarenceRobinson@hm.com,1974-01-07
54,2,1001,Russell,Martinez,RussellMartinez,RussellMartinez@hm.com,1984-07-31
55,2,1001,Christina,Turner,ChristinaTurner,ChristinaTurner@gmail.com,1976-04-22
56,2,1001,Christina,Bailey,ChristinaBailey,ChristinaBailey@hm.com,1979-12-02
57,2,1001,Sandra,Payne,SandraPayne,SandraPayne@hm.com,1983-10-21
58,2,1001,Sarah,Gray,SarahGray,SarahGray@hm.com,1972-04-28
59,2,1001,Jean,Richardson,JeanRichardson,JeanRichardson@gmail.com,1975-01-19
60,2,1001,Paul,Hawkins,PaulHawkins,PaulHawkins@mail.ru,1985-05-24
61,2,1001,Henry,Watkins,HenryWatkins,HenryWatkins@gmail.com,1985-12-04
62,2,1001,Harold,Wheeler,HaroldWheeler,HaroldWheeler@mail.ru,1982-06-04
63,2,1001,David,Dean,DavidDean,DavidDean@gmail.com,1987-11-06
64,2,1001,Heather,Murphy,HeatherMurphy,HeatherMurphy@mail.ru,1987-09-18
65,2,1001,Jennifer,Ramirez,JenniferRamirez,JenniferRamirez@pbs.org,1987-09-30
66,2,1001,Roger,Smith,RogerSmith,RogerSmith@gmail.com,1981-12-27
67,2,1001,Earl,Torres,EarlTorres,EarlTorres@pbs.org,1977-08-21
68,2,1001,Gloria,Stevens,GloriaStevens,GloriaStevens@pbs.org,1987-02-06
69,2,1001,Annie,Howell,AnnieHowell,AnnieHowell@gmail.com,1983-06-30
70,2,1001,Joshua,Robinson,JoshuaRobinson,JoshuaRobinson@pbs.org,1988-01-01
71,2,1001,Ruby,Stewart,RubyStewart,RubyStewart@pbs.org,1982-01-06
72,2,1001,Michelle,Perez,MichellePerez,MichellePerez@mlb.com,1984-09-29
73,2,1001,Sean,Williamson,SeanWilliamson,SeanWilliamson@mlb.com,1987-01-18
74,2,1001,Harold,Allen,HaroldAllen,HaroldAllen@mlb.com,1983-09-29
75,2,1001,Tina,Campbell,TinaCampbell,TinaCampbell@ask.com,1987-05-28
76,2,1001,Karen,Palmer,KarenPalmer,KarenPalmer@ask.com,1988-12-06
77,2,1001,Jimmy,Nichols,JimmyNichols,JimmyNichols@ask.com,1974-06-17
78,2,1001,Douglas,Lewis,DouglasLewis,DouglasLewis@ask.com,1989-03-15
79,2,1001,Beverly,Alvarez,BeverlyAlvarez,BeverlyAlvarez@pc.com,1981-03-11
80,2,1001,Douglas,Stone,DouglasStone,DouglasStone@lc.com,1988-05-16
81,2,1001,Shawn,Cox,ShawnCox,ShawnCox@lc.com,1986-05-08
82,2,1001,Chris,Ferguson,ChrisFerguson,ChrisFerguson@mlb.com,1975-04-12
83,2,1001,Bonnie,Gray,BonnieGray,BonnieGray@mlb.com,1987-08-26
84,2,1001,Ann,Stone,AnnStone,AnnStone@gr.en,1974-02-02
85,2,1001,Jonathan,Mcdonald,JonathanMcdonald,JonathanMcdonald@gr.en,1983-08-30
86,2,1001,Brenda,Henderson,BrendaHenderson,BrendaHenderson@gr.en,1970-10-03
87,2,1001,Juan,Garza,JuanGarza,JuanGarza@gmail.com,1986-05-30
88,2,1001,Gloria,Gonzales,GloriaGonzales,GloriaGonzales@gr.en,1971-09-05
89,2,1001,Benjamin,Sullivan,BenjaminSullivan,BenjaminSullivan@gr.en,1983-06-03
90,2,1001,Jean,Jacobs,JeanJacobs,JeanJacobs@gr.en,1976-07-25
91,3,1002,Willie,Gutierrez,WillieGutierrez,WillieGutierrez@ss.com,1972-04-21
92,3,1002,Kathleen,Reyes,KathleenReyes,KathleenReyes@ss.com,1970-06-24
93,3,1002,Brenda,Andrews,BrendaAndrews,BrendaAndrews@ss.com,1988-05-19
94,3,1002,Shawn,Williamson,ShawnWilliamson,ShawnWilliamson@ss.com,1977-11-20
95,3,1002,Walter,Williamson,WalterWilliamson,WalterWilliamson@ss.com,1978-05-09
96,3,1002,Deborah,Cook,DeborahCook,DeborahCook@lc.com,1988-12-26
97,3,1002,Patrick,Stewart,PatrickStewart,PatrickStewart@lc.com,1986-06-18
98,3,1002,Donna,Robinson,DonnaRobinson,DonnaRobinson@core.com,1988-08-31
99,3,1002,Jose,Wells,JoseWells,JoseWells@core.com,1980-01-26
100,3,1002,Theresa,Fowler,TheresaFowler,TheresaFowler@core.com,1972-09-01
101,3,1002,Martha,Hernandez,MarthaHernandez,MarthaHernandez@core.com,1973-02-13
102,3,1002,Mildred,Watkins,MildredWatkins,MildredWatkins@core.com,1975-03-23
103,3,1002,Clarence,Walker,ClarenceWalker,ClarenceWalker@mm.com,1985-05-24
104,3,1002,Helen,Graham,HelenGraham,HelenGraham@mm.com,1976-02-09
105,3,1002,Robert,Wilson,RobertWilson,RobertWilson@gmail.com,1975-09-04
106,3,1002,Joyce,Hernandez,JoyceHernandez,JoyceHernandez@pc.com,1982-03-01
107,3,1002,Carl,Davis,CarlDavis,CarlDavis@mm.com,1972-07-28
108,3,1002,Andrea,Robertson,AndreaRobertson,AndreaRobertson@mm.com,1985-09-23
109,3,1002,Antonio,Alvarez,AntonioAlvarez,AntonioAlvarez@lc.com,1979-06-27
110,3,1002,Elizabeth,Lane,ElizabethLane,ElizabethLane@gmail.com,1976-11-29
111,3,1002,Laura,Campbell,LauraCampbell,LauraCampbell@lc.com,1983-09-08
112,3,1002,Evelyn,Williamson,EvelynWilliamson,EvelynWilliamson@lc.com,1980-02-17
113,3,1002,Gary,Gordon,GaryGordon,GaryGordon@gmail.com,1985-11-03
114,3,1002,Brian,Mcdonald,BrianMcdonald,BrianMcdonald@lc.com,1977-02-13
115,3,1002,Doris,Arnold,DorisArnold,DorisArnold@mm.com,1970-10-22
116,3,1002,Lawrence,Fowler,LawrenceFowler,LawrenceFowler@gmail.com,1973-12-08
117,3,1002,Phyllis,Pierce,PhyllisPierce,PhyllisPierce@pc.com,1978-06-27
118,3,1002,Carl,Burke,CarlBurke,CarlBurke@pc.com,1972-10-14
119,3,1002,Randy,Morris,RandyMorris,RandyMorris@pc.com,1976-01-07
120,3,1002,Evelyn,Anderson,EvelynAnderson,EvelynAnderson@pc.com,1977-09-15