Uid,Account uid,FirstName,LastName,NamePrefix,Gender,Birthday,Source,Photo,Facebook,Twitter,GooglePlus,LinkedIn
1,1,Jerry,Miller,Mr.,male,1972-12-19,call,,,@Jerry50Miller,https://plus.google.com/114393099883110494088/posts,
2,1,Roy,Rodgers,Mr.,male,1974-01-29,website,,https://www.facebook.com/pages/ROY-Rodgers-Palmer/447252145330063,@legendary_roy,,
3,1,Frank,Robinson,Mr.,male,1975-10-09,website,,,@frankdieSEL,,
4,2,Richard,Hall,Mr.,male,1976-02-18,website,,,@HallyMk1,,
5,2,Ross,Allen,Mr.,male,1987-05-18,call,,,@Ross76,,
6,2,Jennifer,Harman,Ms.,female,1974-06-17,call,,,@jenjillharman,,
7,3,Wendy,Ramos,Ms.,female,1987-02-05,website,,,@wendyramos87,,
8,3,Kelly,Wade,Ms.,female,1979-06-15,call,,,@Prsnlinjrylaw,,
9,3,Cheryl,White,Ms.,female,1972-12-05,call,,,@LadyScorcher,,
10,4,Jose,Burton,Mr.,male,1974-09-23,website,,,@JoseBurton,,
11,4,Karen,Davis,Ms.,female,1977-11-20,call,,,@Karen_DaviLa,,
12,4,Judith,Rogers,Ms.,female,1971-06-02,call,,,@judyarogers,,
13,5,Terry,Simpson,Mr.,male,1975-01-04,call,,,@drterrysimpson,,
14,5,Judy,Harris,Ms.,female,1987-10-10,website,,,@judithharris,,
15,5,Alan,Freeman,Mr.,male,1975-12-11,website,,,@Al_Freezer,,
16,6,Lillian,Oliver,Ms.,female,1972-12-28,website,,,@spotlessbaby,,
17,6,Arthur,Fisher,Mr.,male,1976-09-08,website,,,@ArthurFisher,,
18,6,Donald,Ramos,Mr.,male,1987-02-10,call,,,@Don_Rolan,,
19,7,Patricia,Oliver,Ms.,female,1990-01-08,call,,https://www.facebook.com/patriciaolivera.Taylor,,,
20,7,Rachel,Lane,Ms.,female,1977-01-22,website,,,@RachelLane,,
21,7,Harold,Weaver,Mr.,male,1977-03-25,call,,,@haroldweaver50,,
22,8,Louise,Stanley,Ms.,female,1988-08-29,website,,,,,
23,8,Shirley,Graham,Ms.,female,1974-12-10,call,,,@geraldbarr,,
24,8,Gerald,Vasquez,Mr.,male,1970-11-05,call,,,,,
25,9,Carolyn,Perkins,Ms.,female,1979-06-29,website,,,,,
26,9,Helen,Peters,Ms.,female,1977-08-09,call,,,@HelenPeters22,,
27,9,Rachel,Howell,Ms.,female,1977-03-25,website,,,,,
28,10,Maria,Watkins,Ms.,female,1972-11-15,call,,,@beautifulkandie,,
29,10,Jean,Castillo,Ms.,female,1980-05-07,website,,,@jeanp68,,
30,10,Stephen,Medina,Mr.,male,1971-10-17,website,,,@stephenm046,,
31,11,Lawrence,Garrett,Mr.,male,1978-09-12,call,,,@GarrettLaurence,,
32,11,Sharon,Watkins,Ms.,female,1985-08-05,website,,,@sharonwatkins,,
33,11,Philip,Hernandez,Mr.,male,1977-08-04,call,,,@philiphernandez,,
34,12,Joyce,Fuller,Ms.,female,1979-11-22,call,,,@employable2,,
35,12,Ruth,Barnes,Ms.,female,1983-01-05,other,,,@ruthbarnesmusic,,
36,12,Nicole,Hart,Ms.,female,1981-02-22,call,,,@nicolehart30,,
37,13,Arthur,Cook,Mr.,male,1972-02-11,other,,,,,
38,13,Kelly,Richardson,Ms.,female,1985-09-14,call,,,,,
39,13,Kathy,Perez,Ms.,female,1974-12-12,other,,,,,
40,14,Wanda,Ford,Ms.,female,1973-09-17,call,,,,,
41,14,Benjamin,Ryan,,male,1982-04-10,other,,,,,
42,14,Chris,Tucker,Mr.,male,1972-09-01,call,,,,https://plus.google.com/+ka7niq/posts,
43,15,Bobby,Ramos,Mr.,male,1976-11-17,other,,,,https://plus.google.com/102983116179284471787/posts,
44,15,Joan,Anderson,Ms.,female,1976-11-17,call,,,,https://plus.google.com/103016420791975560087/posts,
45,15,Alice,Berry,Ms.,female,1970-12-29,other,,,,https://plus.google.com/108467081183809880584/posts,
46,16,Justin,Reyes,Mr.,male,1974-01-25,call,,,,https://plus.google.com/105429443855261476765/posts,
47,16,Evelyn,Burke,Ms.,female,1985-11-03,other,,,,,
48,16,Gloria,Garrett,Ms.,female,1975-04-01,call,,,,,
49,17,Annie,Mitchell,Ms.,female,1986-08-16,other,,,,,
50,17,Frances,Gutierrez,Ms.,female,1986-07-19,call,,,,,
51,17,Peter,Hayes,Mr.,male,1974-10-07,other,,,,,
52,18,Anne,Ray,Ms.,female,1982-04-02,call,,,,,
53,18,George,Mendoza,,male,1970-11-18,other,,,,,
54,18,Cynthia,West,Ms.,female,1974-12-03,website,,,,,
55,19,Henry,Lawrence,Mr.,male,1983-03-08,call,,,,,
56,19,Janet,Wright,Ms.,female,1972-03-21,other,,,,,
57,19,Willie,Chavez,Mr.,male,1987-08-06,call,,,,,
58,20,Angela,James,Ms.,female,1987-02-19,website,,,@angelajames,,
59,20,Ashley,Stone,Ms.,female,1971-04-09,tv,,,@ashleystone94,,
60,20,Billy,Hansen,Mr.,male,1978-02-08,tv,,,@bhansensc,,
61,21,Adam,Sanders,Mr.,male,1982-03-14,tv,,,,,
62,21,Russell,Howard,,male,1990-01-03,website,,,,,
63,21,Craig,Bishop,Mr.,male,1988-07-28,call,,,,,
64,22,Teresa,Ramos,Ms.,female,1989-08-21,call,,,,,
65,22,Samuel,Gray,Mr.,male,1984-01-23,tv,,,,,
66,22,James,Watson,Mr.,male,1970-08-27,tv,,,,,
67,23,Richard,Schmidt,Mr.,male,1988-04-26,website,,,,,
68,23,Donald,Cooper,Mr.,male,1986-05-18,tv,,,@rybohokyloda,,
69,23,Susan,Hawkins,Ms.,female,1989-10-08,tv,,,@HawkinsSusa,,
70,24,Sam,Moody,Mr.,male,1973-04-11,call,,,@Moody,,
71,24,Tom ,Stephens,Mr.,male,1977-09-07,website,,,@Stephens,,
72,25,Christopher,Watts,Mr.,male,1979-12-22,website,,,@Watts,,
73,25,Andy,Mckenzie,Mr.,male,1983-01-25,website,,,@Mckenzie,,
74,26,Miguel ,Miller,Mr.,male,1984-02-21,call,,,@Miller,,
75,26,Clayton,Adams,Mr.,male,1974-02-23,call,,,@Adams,,
76,27,Bennie ,Cortez,Mr.,male,1985-09-24,website,,,@Cortez,,
77,27,Sherman,Alvarado,Mr.,male,1964-12-25,call,,,@Alvarado,,
78,28,Cory,Zimmerman,Mr.,male,1973-09-12,call,,,@Zimmerman,,
79,28,Melvin,Keller,Mr.,male,1982-09-11,website,,,@Keller,,
80,29,Leroy,Joseph,Mr.,male,1972-09-21,call,,,@Joseph,,
81,29,Randal,Little,Mr.,male,1976-05-17,call,,,@Little,,
82,30,Lynn,Swanson,Mr.,male,1976-06-16,call,,,@Swanson,,
83,30,Terry,Harvey,Mr.,male,1970-12-22,website,,,@Harvey,,
84,31,Emanuel,Lopez,Mr.,male,1974-11-22,website,,,@Lopez,,
85,31,Jorge,Powell,Mr.,male,1985-10-13,website,,,@Powell,,
86,32,Janet,Hoffman,Mr.,male,1975-04-11,website,,,@Hoffman,,
87,32,Frankie,Beck,Mr.,male,1986-08-12,call,,,@Beck,,
88,33,Cecil ,White,Mr.,male,1986-07-13,call,,,@White,,
89,33,Ivan,Barton,Mr.,male,1974-10-04,website,,,@Barton,,
90,34,Rudolph,Mclaughlin,Mr.,male,1982-04-05,call,,,@Mclaughlin,,
91,34,Bryan,Delgado,Mr.,male,1970-11-16,website,,,@Delgado,,
92,35,Colin,Woods,Mr.,male,1974-02-03,call,,,@Woods,,
93,35,Gordon,Moran,Mr.,male,1983-03-08,call,,,@Moran,,
94,36,Arnold,Caldwell,Mr.,male,1972-05-21,website,,,@Caldwell,,
95,36,Roderick,Strickland,Mr.,male,1987-07-06,call,,,@Strickland,,
96,37,Jon,Floyd,Mr.,male,1987-08-19,website,,,@Floyd,,
97,37,James,Moreno,Mr.,male,1971-09-09,call,,,@Moreno,,
98,38,Camille,Gutierrez,Ms.,female,1978-12-08,website,,,@Gutierrez,,
99,38,Alison,White,Ms.,female,1982-03-16,website,,,@White,,
100,39,Gwendolyn,Howell,Ms.,female,1990-01-06,call,,,@Howell,,
101,39,Kristen,Riley,Ms.,female,1988-07-26,website,,,@Riley,,
102,40,Susie,Perry,Ms.,female,1989-08-26,call,,,@Perry,,
103,40,Melanie,Williamson,Ms.,female,1984-01-26,call,,,@Williamson,,
104,41,Pauline,Watkins,Ms.,female,1970-08-23,other,,,@Watkins,,
105,41,Angie,Mccarthy,Ms.,female,1988-04-16,call,,,@Mccarthy,,
106,42,Amber,Gibbs,Ms.,female,1986-05-28,other,,,@Gibbs,,
107,42,Kelley,Brewer,Ms.,female,1989-11-01,call,,,@Brewer,,
108,43,Roberta,Griffin,Ms.,female,1977-01-02,other,,,@Griffin,,
109,43,Lynette,Fernandez,Ms.,female,1979-01-12,call,,,@Fernandez,,
110,44,Alice,Love,Ms.,female,1983-01-09,other,,,@Love,,
111,44,Hattie,Andrews,Ms.,female,1981-02-24,call,,,@Andrews,,
112,45,Leigh,Warner,Ms.,female,1972-02-19,other,,,@Warner,,
113,45,Lois,Silva,Ms.,female,1985-09-04,website,,,@Silva,,
114,46,Estelle,Valdez,Ms.,female,1974-12-15,call,,,@Valdez,,
115,46,Jaime,Kennedy,Ms.,female,1973-05-17,call,,,@Kennedy,,
116,47,Viola,Mccoy,Ms.,female,1982-04-15,other,,,@Mccoy,,
117,47,Shannon,Pena,Ms.,female,1972-09-09,call,,,@Pena,,
118,48,Martha,Jimenez,Ms.,female,1976-11-15,other,,,@Jimenez,,
119,48,Marie,Erickson,Ms.,female,1976-11-15,call,,,@Erickson,,
120,49,Anne,Castro,Ms.,female,1970-12-25,other,,,@Castro,,
121,49,Pearl,Terry,Ms.,female,1974-01-22,call,,,@Terry,,
122,50,Elizabeth,Kelley,Ms.,female,1985-11-05,other,,,@Kelley,,
123,50,Juanita,Robinson,Ms.,female,1975-07-01,call,,,@Robinson,,
